OTU,Superkingdom,Kingdom,Phylum,Class,Order,Family,Genus
OTU1,Bacteria,Bacteria,Acidobacteria,Blastocatellia,Blastocatellales,Blastocatellaceae,Stenotrophobacter_Blastocatellaceae
OTU2,Bacteria,Bacteria,Acidobacteria,Holophagae,Holophagales,Holophagaceae,Geothrix
OTU3,Bacteria,Bacteria,Actinobacteria,Acidimicrobiia,Acidimicrobiales,Iamiaceae,Iamia
OTU4,Bacteria,Bacteria,Actinobacteria,Actinobacteria,Bifidobacteriales,Bifidobacteriaceae,Bifidobacterium
OTU5,Bacteria,Bacteria,Actinobacteria,Actinobacteria,Corynebacteriales,Gordoniaceae,Gordonia
OTU6,Bacteria,Bacteria,Actinobacteria,Actinobacteria,Corynebacteriales,Mycobacteriaceae,Mycobacterium
OTU7,Bacteria,Bacteria,Actinobacteria,Actinobacteria,Micrococcales,Intrasporangiaceae,Tetrasphaera
OTU8,Bacteria,Bacteria,Actinobacteria,Actinobacteria,Propionibacteriales,Propionibacteriaceae,Aestuariimicrobium
OTU9,Bacteria,Bacteria,Actinobacteria,Actinobacteria,Propionibacteriales,Propionibacteriaceae,Granulicoccus
OTU10,Bacteria,Bacteria,Actinobacteria,Actinobacteria,Propionibacteriales,Propionibacteriaceae,Propioniciclava
OTU11,Bacteria,Bacteria,Actinobacteria,Actinobacteria,Streptomycetales,Streptomycetaceae,Streptomyces
OTU12,Bacteria,Bacteria,Actinobacteria,Coriobacteriia,Coriobacteriales,Coriobacteriaceae,Collinsella
OTU13,Bacteria,Bacteria,Bacteroidetes,Chitinophagia,Chitinophagales,Chitinophagaceae,Ferruginibacter
OTU14,Bacteria,Bacteria,Bacteroidetes,Chitinophagia,Chitinophagales,Chitinophagaceae,Terrimonas
OTU15,Bacteria,Bacteria,Bacteroidetes,Flavobacteriia,Flavobacteriales,Cryomorphaceae,Owenweeksia
OTU16,Bacteria,Bacteria,Chloroflexi,Chloroflexia,Chloroflexales,Roseiflexaceae,Kouleothrix_Roseiflexaceae
OTU17,Bacteria,Bacteria,Firmicutes,Bacilli,Bacillales,Alicyclobacillaceae,Tumebacillus
OTU18,Bacteria,Bacteria,Firmicutes,Bacilli,Bacillales,Bacillaceae,Bacillus
OTU19,Bacteria,Bacteria,Firmicutes,Bacilli,Bacillales,Staphylococcaceae,Staphylococcus
OTU20,Bacteria,Bacteria,Firmicutes,Bacilli,Lactobacillales,Enterococcaceae,Enterococcus
OTU21,Bacteria,Bacteria,Firmicutes,Clostridia,Clostridiales,Peptostreptococcaceae,Romboutsia
OTU22,Bacteria,Bacteria,Firmicutes,Clostridia,Clostridiales,Ruminococcaceae,Subdoligranulum
OTU23,Bacteria,Bacteria,Firmicutes,Erysipelotrichia,Erysipelotrichales,Erysipelotrichaceae,Catenibacterium
OTU24,Bacteria,Bacteria,Firmicutes,Erysipelotrichia,Erysipelotrichales,Erysipelotrichaceae,Erysipelatoclostridium
OTU25,Bacteria,Bacteria,Nitrospirae,Nitrospira,Nitrospirales,Nitrospiraceae,Nitrospira
OTU26,Bacteria,Bacteria,Planctomycetes,Planctomycetia,Pirellulales,Pirellulaceae,Pirellula_Pirellulaceae
OTU27,Bacteria,Bacteria,Planctomycetes,Planctomycetia,Pirellulales,Pirellulaceae,Rhodopirellula_Pirellulaceae
OTU28,Bacteria,Bacteria,Proteobacteria,Alphaproteobacteria,,,Phreatobacter
OTU29,Bacteria,Bacteria,Proteobacteria,Alphaproteobacteria,Caulobacterales,Caulobacteraceae,Brevundimonas
OTU30,Bacteria,Bacteria,Proteobacteria,Alphaproteobacteria,Caulobacterales,Caulobacteraceae,Phenylobacterium
OTU31,Bacteria,Bacteria,Proteobacteria,Alphaproteobacteria,Rhizobiales,Hyphomicrobiaceae,Hyphomicrobium
OTU32,Bacteria,Bacteria,Proteobacteria,Alphaproteobacteria,Rhodobacterales,Hyphomonadaceae,Hirschia
OTU33,Bacteria,Bacteria,Proteobacteria,Alphaproteobacteria,Rhodobacterales,Rhodobacteraceae,Defluviimonas
OTU34,Bacteria,Bacteria,Proteobacteria,Alphaproteobacteria,Rhodobacterales,Rhodobacteraceae,Paracoccus
OTU35,Bacteria,Bacteria,Proteobacteria,Alphaproteobacteria,Rhodobacterales,Rhodobacteraceae,Rhodobacter
OTU36,Bacteria,Bacteria,Proteobacteria,Alphaproteobacteria,Rhodospirillales,Acetobacteraceae,Rhodovastum
OTU37,Bacteria,Bacteria,Proteobacteria,Alphaproteobacteria,Sphingomonadales,Sphingomonadaceae,Novosphingobium
OTU38,Bacteria,Bacteria,Proteobacteria,Betaproteobacteria,Burkholderiales,,Paucibacter
OTU39,Bacteria,Bacteria,Proteobacteria,Betaproteobacteria,Burkholderiales,Burkholderiaceae,Lautropia
OTU40,Bacteria,Bacteria,Proteobacteria,Betaproteobacteria,Burkholderiales,Burkholderiaceae,Limnobacter
OTU41,Bacteria,Bacteria,Proteobacteria,Betaproteobacteria,Burkholderiales,Comamonadaceae,Acidovorax
OTU42,Bacteria,Bacteria,Proteobacteria,Betaproteobacteria,Burkholderiales,Comamonadaceae,Brachymonas
OTU43,Bacteria,Bacteria,Proteobacteria,Betaproteobacteria,Burkholderiales,Comamonadaceae,Rhodoferax
OTU44,Bacteria,Bacteria,Proteobacteria,Betaproteobacteria,Nitrosomonadales,Sterolibacteriaceae,Denitratisoma
OTU45,Bacteria,Bacteria,Proteobacteria,Betaproteobacteria,Nitrosomonadales,Sterolibacteriaceae,Sulfuritalea
OTU46,Bacteria,Bacteria,Proteobacteria,Betaproteobacteria,Rhodocyclales,Azonexaceae,Dechloromonas
OTU47,Bacteria,Bacteria,Proteobacteria,Betaproteobacteria,Rhodocyclales,Rhodocyclaceae,Dechlorobacter
OTU48,Bacteria,Bacteria,Proteobacteria,Deltaproteobacteria,Desulfobacterales,Desulfobacteraceae,Desulfatiglans
OTU49,Bacteria,Bacteria,Proteobacteria,Deltaproteobacteria,Desulfobacterales,Desulfobulbaceae,Desulfobulbus
OTU50,Bacteria,Bacteria,Proteobacteria,Deltaproteobacteria,Myxococcales,Kofleriaceae,Haliangium
OTU51,Bacteria,Bacteria,Proteobacteria,Deltaproteobacteria,Myxococcales,Phaselicystidaceae,Phaselicystis
OTU52,Bacteria,Bacteria,Proteobacteria,Deltaproteobacteria,Myxococcales,Polyangiaceae,Pajaroellobacter
OTU53,Bacteria,Bacteria,Proteobacteria,Deltaproteobacteria,Myxococcales,Sandaracinaceae,Sandaracinus
OTU54,Bacteria,Bacteria,Proteobacteria,Epsilonproteobacteria,Campylobacterales,Campylobacteraceae,Arcobacter
OTU55,Bacteria,Bacteria,Proteobacteria,Gammaproteobacteria,,,Acidibacter
OTU56,Bacteria,Bacteria,Proteobacteria,Gammaproteobacteria,Cellvibrionales,Halieaceae,Halioglobus
OTU57,Bacteria,Bacteria,Proteobacteria,Gammaproteobacteria,Enterobacterales,,Plesiomonas
OTU58,Bacteria,Bacteria,Proteobacteria,Gammaproteobacteria,Legionellales,Coxiellaceae,Coxiella
OTU59,Bacteria,Bacteria,Proteobacteria,Gammaproteobacteria,Pseudomonadales,Pseudomonadaceae,Pseudomonas
OTU60,Bacteria,Bacteria,Proteobacteria,Gammaproteobacteria,Xanthomonadales,Rhodanobacteraceae,Dokdonella
OTU61,Bacteria,Bacteria,Proteobacteria,Gammaproteobacteria,Xanthomonadales,Xanthomonadaceae,Lysobacter
OTU62,Bacteria,Bacteria,Proteobacteria,Gammaproteobacteria,Xanthomonadales,Xanthomonadaceae,Pseudoxanthomonas
OTU63,Bacteria,Bacteria,Proteobacteria,Gammaproteobacteria,Xanthomonadales,Xanthomonadaceae,Thermomonas
OTU64,Bacteria,Bacteria,Proteobacteria,Oligoflexia,Bdellovibrionales,Bdellovibrionaceae,Bdellovibrio
OTU65,Bacteria,Bacteria,Spirochaetes,Spirochaetia,Spirochaetales,Spirochaetaceae,Sphaerochaeta
OTU66,Bacteria,Bacteria,Tenericutes,Mollicutes,Anaeroplasmatales,Anaeroplasmataceae,Anaeroplasma
OTU67,Bacteria,Bacteria,Verrucomicrobia,Opitutae,Opitutales,Opitutaceae,Lacunisphaera
OTU68,Bacteria,Bacteria,Verrucomicrobia,Verrucomicrobiae,Verrucomicrobiales,Verrucomicrobiaceae,Luteolibacter
OTU69,Bacteria,Bacteria,Verrucomicrobia,Verrucomicrobiae,Verrucomicrobiales,Verrucomicrobiaceae,Prosthecobacter
OTU70,Eukaryota,Eukaryota,Cercozoa,Thecofilosea,Cryomonadida,Rhogostomidae,Rhogostoma
OTU71,Eukaryota,Eukaryota,Ciliophora,Oligohymenophorea,Sessilida,Opisthonectidae,Telotrochidium
OTU72,Eukaryota,Eukaryota,Ciliophora,Prostomatea,Prorodontida,Prorodontidae,Prorodon
OTU73,Eukaryota,Eukaryota,Ciliophora,Spirotrichea,Euplotida,Euplotidae,Euplotes
OTU74,Eukaryota,Eukaryota,Euglenozoa,,Petalomonadida,Scytomonadidae,Petalomonas_Scytomonadidae
OTU75,Eukaryota,Eukaryota,Tubulinea,Elardia,Arcellinida,Arcellidae,Arcella
OTU76,Archaea,Archaea,Euryarchaeota,Methanobacteria,Methanobacteriales,Methanobacteriaceae,Methanobacterium
OTU77,Archaea,Archaea,Euryarchaeota,Methanobacteria,Methanobacteriales,Methanobacteriaceae,Methanobrevibacter
OTU78,Archaea,Archaea,Euryarchaeota,Methanomicrobia,Methanomicrobiales,Methanoregulaceae,Methanoregula
OTU79,Archaea,Archaea,Euryarchaeota,Methanomicrobia,Methanomicrobiales,Methanospirillaceae,Methanospirillum
OTU80,Bacteria,Bacteria,Acidobacteria,Holophagae,Holophagales,Holophagaceae,Holophaga
OTU81,Bacteria,Bacteria,Acidobacteria,Thermoanaerobaculia,Thermoanaerobaculales,Thermoanaerobaculaceae,Thermoanaerobaculum
OTU82,Bacteria,Bacteria,Acidobacteria,Vicinamibacteria,,Vicinamibacteraceae,Luteitalea
OTU83,Bacteria,Bacteria,Actinobacteria,Actinobacteria,Actinomycetales,Actinomycetaceae,Actinomyces
OTU84,Bacteria,Bacteria,Actinobacteria,Actinobacteria,Corynebacteriales,Nocardiaceae,Nocardia
OTU85,Bacteria,Bacteria,Actinobacteria,Actinobacteria,Cryptosporangiales,Cryptosporangiaceae,Fodinicola
OTU86,Bacteria,Bacteria,Actinobacteria,Actinobacteria,Micrococcales,Intrasporangiaceae,Ornithinibacter
OTU87,Bacteria,Bacteria,Actinobacteria,Actinobacteria,Micrococcales,Microbacteriaceae,Agromyces
OTU88,Bacteria,Bacteria,Actinobacteria,Actinobacteria,Micrococcales,Microbacteriaceae,Leucobacter
OTU89,Bacteria,Bacteria,Actinobacteria,Actinobacteria,Micrococcales,Microbacteriaceae,Lysinimonas
OTU90,Bacteria,Bacteria,Actinobacteria,Actinobacteria,Micrococcales,Microbacteriaceae,Microbacterium
OTU91,Bacteria,Bacteria,Actinobacteria,Actinobacteria,Micrococcales,Microbacteriaceae,Pseudoclavibacter
OTU92,Bacteria,Bacteria,Actinobacteria,Actinobacteria,Micrococcales,Micrococcaceae,Glutamicibacter
OTU93,Bacteria,Bacteria,Actinobacteria,Actinobacteria,Micrococcales,Micrococcaceae,Rothia
OTU94,Bacteria,Bacteria,Actinobacteria,Actinobacteria,Propionibacteriales,Nocardioidaceae,Propionicimonas
OTU95,Bacteria,Bacteria,Actinobacteria,Actinobacteria,Propionibacteriales,Propionibacteriaceae,Propionibacterium
OTU96,Bacteria,Bacteria,Actinobacteria,Actinobacteria,Propionibacteriales,Propionibacteriaceae,Tessaracoccus
OTU97,Bacteria,Bacteria,Actinobacteria,Coriobacteriia,Coriobacteriales,Atopobiaceae,Atopobium
OTU98,Bacteria,Bacteria,Actinobacteria,Coriobacteriia,Coriobacteriales,Atopobiaceae,Olsenella
OTU99,Bacteria,Bacteria,Actinobacteria,Coriobacteriia,Coriobacteriales,Coriobacteriaceae,Senegalimassilia
OTU100,Bacteria,Bacteria,Actinobacteria,Coriobacteriia,Eggerthellales,Eggerthellaceae,Slackia
OTU101,Bacteria,Bacteria,Bacteroidetes,Bacteroidia,Bacteroidales,Bacteroidaceae,Bacteroides
OTU102,Bacteria,Bacteria,Bacteroidetes,Bacteroidia,Bacteroidales,Barnesiellaceae,Barnesiella
OTU103,Bacteria,Bacteria,Bacteroidetes,Bacteroidia,Bacteroidales,Dysgonamonadaceae,Dysgonomonas
OTU104,Bacteria,Bacteria,Bacteroidetes,Bacteroidia,Bacteroidales,Lentimicrobiaceae,Lentimicrobium
OTU105,Bacteria,Bacteria,Bacteroidetes,Bacteroidia,Bacteroidales,Paludibacteraceae,Paludibacter
OTU106,Bacteria,Bacteria,Bacteroidetes,Bacteroidia,Bacteroidales,Porphyromonadaceae,Macellibacteroides
OTU107,Bacteria,Bacteria,Bacteroidetes,Bacteroidia,Bacteroidales,Porphyromonadaceae,Porphyromonas
OTU108,Bacteria,Bacteria,Bacteroidetes,Bacteroidia,Bacteroidales,Prevotellaceae,Alloprevotella
OTU109,Bacteria,Bacteria,Bacteroidetes,Bacteroidia,Bacteroidales,Prevotellaceae,Prevotella
OTU110,Bacteria,Bacteria,Bacteroidetes,Bacteroidia,Bacteroidales,Rikenellaceae,Acetobacteroides
OTU111,Bacteria,Bacteria,Bacteroidetes,Bacteroidia,Bacteroidales,Rikenellaceae,Alistipes
OTU112,Bacteria,Bacteria,Bacteroidetes,Bacteroidia,Bacteroidales,Rikenellaceae,Anaerocella
OTU113,Bacteria,Bacteria,Bacteroidetes,Bacteroidia,Bacteroidales,Rikenellaceae,Rikenella
OTU114,Bacteria,Bacteria,Bacteroidetes,Bacteroidia,Bacteroidales,Tannerellaceae,Parabacteroides
OTU115,Bacteria,Bacteria,Bacteroidetes,Bacteroidia,Marinilabiliales,Prolixibacteraceae,Roseimarinus
OTU116,Bacteria,Bacteria,Bacteroidetes,Chitinophagia,Chitinophagales,Chitinophagaceae,Niabella
OTU117,Bacteria,Bacteria,Bacteroidetes,Cytophagia,Cytophagales,Cytophagaceae,Dyadobacter
OTU118,Bacteria,Bacteria,Bacteroidetes,Cytophagia,Cytophagales,Cytophagaceae,Flectobacillus
OTU119,Bacteria,Bacteria,Bacteroidetes,Cytophagia,Cytophagales,Cytophagaceae,Lacihabitans
OTU120,Bacteria,Bacteria,Bacteroidetes,Flavobacteriia,Flavobacteriales,Flavobacteriaceae,Algoriella
OTU121,Bacteria,Bacteria,Bacteroidetes,Flavobacteriia,Flavobacteriales,Flavobacteriaceae,Apibacter
OTU122,Bacteria,Bacteria,Bacteroidetes,Flavobacteriia,Flavobacteriales,Flavobacteriaceae,Chryseobacterium
OTU123,Bacteria,Bacteria,Bacteroidetes,Flavobacteriia,Flavobacteriales,Flavobacteriaceae,Cloacibacterium
OTU124,Bacteria,Bacteria,Bacteroidetes,Flavobacteriia,Flavobacteriales,Flavobacteriaceae,Elizabethkingia
OTU125,Bacteria,Bacteria,Bacteroidetes,Flavobacteriia,Flavobacteriales,Flavobacteriaceae,Empedobacter
OTU126,Bacteria,Bacteria,Bacteroidetes,Flavobacteriia,Flavobacteriales,Flavobacteriaceae,Flavobacterium
OTU127,Bacteria,Bacteria,Bacteroidetes,Flavobacteriia,Flavobacteriales,Flavobacteriaceae,Lutibacter
OTU128,Bacteria,Bacteria,Bacteroidetes,Flavobacteriia,Flavobacteriales,Flavobacteriaceae,Moheibacter
OTU129,Bacteria,Bacteria,Bacteroidetes,Flavobacteriia,Flavobacteriales,Flavobacteriaceae,Riemerella
OTU130,Bacteria,Bacteria,Bacteroidetes,Flavobacteriia,Flavobacteriales,Flavobacteriaceae,Salinimicrobium
OTU131,Bacteria,Bacteria,Bacteroidetes,Sphingobacteriia,Sphingobacteriales,Sphingobacteriaceae,Pedobacter
OTU132,Bacteria,Bacteria,Bacteroidetes,Sphingobacteriia,Sphingobacteriales,Sphingobacteriaceae,Sphingobacterium
OTU133,Bacteria,Bacteria,Balneolaeota,Balneolia,Balneolales,Balneolaceae,Balneola
OTU134,Bacteria,Bacteria,Caldiserica,Caldisericia,Caldisericales,Caldisericaceae,Caldisericum
OTU135,Bacteria,Bacteria,Chloroflexi,Anaerolineae,Anaerolineales,Anaerolineaceae,Flexilinea
OTU136,Bacteria,Bacteria,Chloroflexi,Anaerolineae,Anaerolineales,Anaerolineaceae,Leptolinea
OTU137,Bacteria,Bacteria,Chloroflexi,Anaerolineae,Anaerolineales,Anaerolineaceae,Longilinea
OTU138,Bacteria,Bacteria,Coprothermobacterota,Coprothermobacteria,Coprothermobacterales,Coprothermobacteraceae,Coprothermobacter_Coprothermobacteraceae
OTU139,Bacteria,Bacteria,Cyanobacteria,,Nostocales,Nostocaceae,Anabaena
OTU140,Bacteria,Bacteria,Elusimicrobia,Elusimicrobia,Elusimicrobiales,Elusimicrobiaceae,Elusimicrobium
OTU141,Bacteria,Bacteria,Fibrobacteres,Fibrobacteria,Fibrobacterales,Fibrobacteraceae,Fibrobacter
OTU142,Bacteria,Bacteria,Firmicutes,Bacilli,Bacillales,Planococcaceae,Planococcus
OTU143,Bacteria,Bacteria,Firmicutes,Bacilli,Lactobacillales,Carnobacteriaceae,Carnobacterium
OTU144,Bacteria,Bacteria,Firmicutes,Bacilli,Lactobacillales,Carnobacteriaceae,Trichococcus
OTU145,Bacteria,Bacteria,Firmicutes,Bacilli,Lactobacillales,Enterococcaceae,Vagococcus
OTU146,Bacteria,Bacteria,Firmicutes,Bacilli,Lactobacillales,Lactobacillaceae,Lactobacillus
OTU147,Bacteria,Bacteria,Firmicutes,Bacilli,Lactobacillales,Leuconostocaceae,Weissella
OTU148,Bacteria,Bacteria,Firmicutes,Bacilli,Lactobacillales,Streptococcaceae,Lactococcus
OTU149,Bacteria,Bacteria,Firmicutes,Bacilli,Lactobacillales,Streptococcaceae,Streptococcus
OTU150,Bacteria,Bacteria,Firmicutes,Clostridia,Clostridiales,Clostridiaceae,Clostridium
OTU151,Bacteria,Bacteria,Firmicutes,Clostridia,Clostridiales,Clostridiaceae,Proteiniclasticum
OTU152,Bacteria,Bacteria,Firmicutes,Clostridia,Clostridiales,Clostridiales_Family_XII._Incertae_Sedis,Fusibacter
OTU153,Bacteria,Bacteria,Firmicutes,Clostridia,Clostridiales,Clostridiales_Family_XIII._Incertae_Sedis,Anaerovorax
OTU154,Bacteria,Bacteria,Firmicutes,Clostridia,Clostridiales,Eubacteriaceae,Acetobacterium
OTU155,Bacteria,Bacteria,Firmicutes,Clostridia,Clostridiales,Eubacteriaceae,Eubacterium
OTU156,Bacteria,Bacteria,Firmicutes,Clostridia,Clostridiales,Hungateiclostridiaceae,Fastidiosipila_Hungateiclostridiaceae
OTU157,Bacteria,Bacteria,Firmicutes,Clostridia,Clostridiales,Hungateiclostridiaceae,Saccharofermentans_Hungateiclostridiaceae
OTU158,Bacteria,Bacteria,Firmicutes,Clostridia,Clostridiales,Lachnospiraceae,Agathobacter
OTU159,Bacteria,Bacteria,Firmicutes,Clostridia,Clostridiales,Lachnospiraceae,Anaerostipes
OTU160,Bacteria,Bacteria,Firmicutes,Clostridia,Clostridiales,Lachnospiraceae,Blautia
OTU161,Bacteria,Bacteria,Firmicutes,Clostridia,Clostridiales,Lachnospiraceae,Dorea
OTU162,Bacteria,Bacteria,Firmicutes,Clostridia,Clostridiales,Lachnospiraceae,Fusicatenibacter
OTU163,Bacteria,Bacteria,Firmicutes,Clostridia,Clostridiales,Lachnospiraceae,Lachnoclostridium
OTU164,Bacteria,Bacteria,Firmicutes,Clostridia,Clostridiales,Lachnospiraceae,Lachnospira
OTU165,Bacteria,Bacteria,Firmicutes,Clostridia,Clostridiales,Lachnospiraceae,Marvinbryantia
OTU166,Bacteria,Bacteria,Firmicutes,Clostridia,Clostridiales,Lachnospiraceae,Roseburia
OTU167,Bacteria,Bacteria,Firmicutes,Clostridia,Clostridiales,Oscillospiraceae,Oscillibacter
OTU168,Bacteria,Bacteria,Firmicutes,Clostridia,Clostridiales,Peptococcaceae,Desulfosporosinus
OTU169,Bacteria,Bacteria,Firmicutes,Clostridia,Clostridiales,Peptostreptococcaceae,Acetoanaerobium
OTU170,Bacteria,Bacteria,Firmicutes,Clostridia,Clostridiales,Peptostreptococcaceae,Intestinibacter
OTU171,Bacteria,Bacteria,Firmicutes,Clostridia,Clostridiales,Peptostreptococcaceae,Proteocatella
OTU172,Bacteria,Bacteria,Firmicutes,Clostridia,Clostridiales,Peptostreptococcaceae,Terrisporobacter
OTU173,Bacteria,Bacteria,Firmicutes,Clostridia,Clostridiales,Ruminococcaceae,Acetanaerobacterium
OTU174,Bacteria,Bacteria,Firmicutes,Clostridia,Clostridiales,Ruminococcaceae,Faecalibacterium
OTU175,Bacteria,Bacteria,Firmicutes,Clostridia,Clostridiales,Ruminococcaceae,Negativibacillus
OTU176,Bacteria,Bacteria,Firmicutes,Clostridia,Clostridiales,Ruminococcaceae,Ruminococcus
OTU177,Bacteria,Bacteria,Firmicutes,Clostridia,Halanaerobiales,Halanaerobiaceae,Halocella
OTU178,Bacteria,Bacteria,Firmicutes,Erysipelotrichia,Erysipelotrichales,Erysipelotrichaceae,Bulleidia
OTU179,Bacteria,Bacteria,Firmicutes,Erysipelotrichia,Erysipelotrichales,Erysipelotrichaceae,Erysipelothrix
OTU180,Bacteria,Bacteria,Firmicutes,Erysipelotrichia,Erysipelotrichales,Erysipelotrichaceae,Holdemanella
OTU181,Bacteria,Bacteria,Firmicutes,Erysipelotrichia,Erysipelotrichales,Erysipelotrichaceae,Solobacterium
OTU182,Bacteria,Bacteria,Firmicutes,Erysipelotrichia,Erysipelotrichales,Erysipelotrichaceae,Turicibacter
OTU183,Bacteria,Bacteria,Firmicutes,Negativicutes,Acidaminococcales,Acidaminococcaceae,Acidaminococcus
OTU184,Bacteria,Bacteria,Firmicutes,Negativicutes,Acidaminococcales,Acidaminococcaceae,Phascolarctobacterium
OTU185,Bacteria,Bacteria,Firmicutes,Negativicutes,Acidaminococcales,Acidaminococcaceae,Succiniclasticum
OTU186,Bacteria,Bacteria,Firmicutes,Negativicutes,Acidaminococcales,Acidaminococcaceae,Succinispira
OTU187,Bacteria,Bacteria,Firmicutes,Negativicutes,Selenomonadales,Selenomonadaceae,Anaerovibrio
OTU188,Bacteria,Bacteria,Firmicutes,Negativicutes,Selenomonadales,Selenomonadaceae,Megamonas
OTU189,Bacteria,Bacteria,Firmicutes,Negativicutes,Selenomonadales,Selenomonadaceae,Mitsuokella
OTU190,Bacteria,Bacteria,Firmicutes,Negativicutes,Selenomonadales,Selenomonadaceae,Pectinatus
OTU191,Bacteria,Bacteria,Firmicutes,Negativicutes,Selenomonadales,Selenomonadaceae,Propionispira
OTU192,Bacteria,Bacteria,Firmicutes,Negativicutes,Selenomonadales,Selenomonadaceae,Schwartzia
OTU193,Bacteria,Bacteria,Firmicutes,Negativicutes,Selenomonadales,Selenomonadaceae,Selenomonas
OTU194,Bacteria,Bacteria,Firmicutes,Negativicutes,Selenomonadales,Sporomusaceae,Anaeromusa
OTU195,Bacteria,Bacteria,Firmicutes,Negativicutes,Selenomonadales,Sporomusaceae,Anaerosinus
OTU196,Bacteria,Bacteria,Firmicutes,Negativicutes,Selenomonadales,Sporomusaceae,Anaerosporomusa
OTU197,Bacteria,Bacteria,Firmicutes,Negativicutes,Veillonellales,Veillonellaceae,Dialister
OTU198,Bacteria,Bacteria,Firmicutes,Negativicutes,Veillonellales,Veillonellaceae,Megasphaera
OTU199,Bacteria,Bacteria,Firmicutes,Negativicutes,Veillonellales,Veillonellaceae,Veillonella
OTU200,Bacteria,Bacteria,Firmicutes,Tissierellia,,,Sedimentibacter
OTU201,Bacteria,Bacteria,Fusobacteria,Fusobacteriia,Fusobacteriales,Fusobacteriaceae,Cetobacterium
OTU202,Bacteria,Bacteria,Fusobacteria,Fusobacteriia,Fusobacteriales,Fusobacteriaceae,Fusobacterium
OTU203,Bacteria,Bacteria,Fusobacteria,Fusobacteriia,Fusobacteriales,Fusobacteriaceae,Hypnocyclicus
OTU204,Bacteria,Bacteria,Fusobacteria,Fusobacteriia,Fusobacteriales,Leptotrichiaceae,Leptotrichia
OTU205,Bacteria,Bacteria,Fusobacteria,Fusobacteriia,Fusobacteriales,Leptotrichiaceae,Sebaldella
OTU206,Bacteria,Bacteria,Lentisphaerae,Lentisphaeria,Victivallales,Victivallaceae,Victivallis
OTU207,Bacteria,Bacteria,Proteobacteria,Alphaproteobacteria,Rhizobiales,Hyphomicrobiaceae,Devosia
OTU208,Bacteria,Bacteria,Proteobacteria,Alphaproteobacteria,Rhizobiales,Methylocystaceae,Pleomorphomonas
OTU209,Bacteria,Bacteria,Proteobacteria,Alphaproteobacteria,Rhizobiales,Phyllobacteriaceae,Aminobacter
OTU210,Bacteria,Bacteria,Proteobacteria,Alphaproteobacteria,Rhizobiales,Rhizobiaceae,Shinella
OTU211,Bacteria,Bacteria,Proteobacteria,Alphaproteobacteria,Rhizobiales,Rhodobiaceae,Parvibaculum
OTU212,Bacteria,Bacteria,Proteobacteria,Alphaproteobacteria,Rhizobiales,Xanthobacteraceae,Xanthobacter
OTU213,Bacteria,Bacteria,Proteobacteria,Alphaproteobacteria,Rhodobacterales,Rhodobacteraceae,Aliiroseovarius
OTU214,Bacteria,Bacteria,Proteobacteria,Alphaproteobacteria,Rhodobacterales,Rhodobacteraceae,Gemmobacter
OTU215,Bacteria,Bacteria,Proteobacteria,Alphaproteobacteria,Rhodobacterales,Rhodobacteraceae,Pseudorhodobacter
OTU216,Bacteria,Bacteria,Proteobacteria,Alphaproteobacteria,Rhodobacterales,Rhodobacteraceae,Roseovarius
OTU217,Bacteria,Bacteria,Proteobacteria,Alphaproteobacteria,Rhodospirillales,,Enhydrobacter
OTU218,Bacteria,Bacteria,Proteobacteria,Alphaproteobacteria,Rhodospirillales,,Reyranella
OTU219,Bacteria,Bacteria,Proteobacteria,Alphaproteobacteria,Rhodospirillales,Acetobacteraceae,Roseomonas
OTU220,Bacteria,Bacteria,Proteobacteria,Alphaproteobacteria,Rhodospirillales,Rhodospirillaceae,Defluviicoccus
OTU221,Bacteria,Bacteria,Proteobacteria,Alphaproteobacteria,Sphingomonadales,Erythrobacteraceae,Altererythrobacter
OTU222,Bacteria,Bacteria,Proteobacteria,Alphaproteobacteria,Sphingomonadales,Sphingomonadaceae,Sphingomonas
OTU223,Bacteria,Bacteria,Proteobacteria,Betaproteobacteria,Burkholderiales,,Aquabacterium
OTU224,Bacteria,Bacteria,Proteobacteria,Betaproteobacteria,Burkholderiales,,Sphaerotilus
OTU225,Bacteria,Bacteria,Proteobacteria,Betaproteobacteria,Burkholderiales,Alcaligenaceae,Oligella
OTU226,Bacteria,Bacteria,Proteobacteria,Betaproteobacteria,Burkholderiales,Comamonadaceae,Comamonas
OTU227,Bacteria,Bacteria,Proteobacteria,Betaproteobacteria,Burkholderiales,Comamonadaceae,Curvibacter
OTU228,Bacteria,Bacteria,Proteobacteria,Betaproteobacteria,Burkholderiales,Comamonadaceae,Delftia
OTU229,Bacteria,Bacteria,Proteobacteria,Betaproteobacteria,Burkholderiales,Comamonadaceae,Hydrogenophaga
OTU230,Bacteria,Bacteria,Proteobacteria,Betaproteobacteria,Burkholderiales,Comamonadaceae,Limnohabitans
OTU231,Bacteria,Bacteria,Proteobacteria,Betaproteobacteria,Burkholderiales,Comamonadaceae,Ottowia
OTU232,Bacteria,Bacteria,Proteobacteria,Betaproteobacteria,Burkholderiales,Comamonadaceae,Polaromonas
OTU233,Bacteria,Bacteria,Proteobacteria,Betaproteobacteria,Burkholderiales,Comamonadaceae,Ramlibacter
OTU234,Bacteria,Bacteria,Proteobacteria,Betaproteobacteria,Burkholderiales,Oxalobacteraceae,Janthinobacterium
OTU235,Bacteria,Bacteria,Proteobacteria,Betaproteobacteria,Burkholderiales,Sutterellaceae,Parasutterella
OTU236,Bacteria,Bacteria,Proteobacteria,Betaproteobacteria,Burkholderiales,Sutterellaceae,Sutterella
OTU237,Bacteria,Bacteria,Proteobacteria,Betaproteobacteria,Neisseriales,Chromobacteriaceae,Aquaspirillum
OTU238,Bacteria,Bacteria,Proteobacteria,Betaproteobacteria,Neisseriales,Chromobacteriaceae,Laribacter
OTU239,Bacteria,Bacteria,Proteobacteria,Betaproteobacteria,Neisseriales,Neisseriaceae,Alysiella
OTU240,Bacteria,Bacteria,Proteobacteria,Betaproteobacteria,Neisseriales,Neisseriaceae,Conchiformibius
OTU241,Bacteria,Bacteria,Proteobacteria,Betaproteobacteria,Neisseriales,Neisseriaceae,Neisseria
OTU242,Bacteria,Bacteria,Proteobacteria,Betaproteobacteria,Neisseriales,Neisseriaceae,Rivicola
OTU243,Bacteria,Bacteria,Proteobacteria,Betaproteobacteria,Neisseriales,Neisseriaceae,Stenoxybacter
OTU244,Bacteria,Bacteria,Proteobacteria,Betaproteobacteria,Neisseriales,Neisseriaceae,Uruburuella
OTU245,Bacteria,Bacteria,Proteobacteria,Betaproteobacteria,Neisseriales,Neisseriaceae,Vitreoscilla
OTU246,Bacteria,Bacteria,Proteobacteria,Betaproteobacteria,Nitrosomonadales,Methylophilaceae,Methylotenera
OTU247,Bacteria,Bacteria,Proteobacteria,Betaproteobacteria,Rhodocyclales,Rhodocyclaceae,Propionivibrio
OTU248,Bacteria,Bacteria,Proteobacteria,Betaproteobacteria,Rhodocyclales,Zoogloeaceae,Thauera
OTU249,Bacteria,Bacteria,Proteobacteria,Betaproteobacteria,Rhodocyclales,Zoogloeaceae,Zoogloea
OTU250,Bacteria,Bacteria,Proteobacteria,Deltaproteobacteria,Desulfobacterales,Desulfobacteraceae,Desulfatiferula
OTU251,Bacteria,Bacteria,Proteobacteria,Deltaproteobacteria,Desulfobacterales,Desulfobacteraceae,Desulfoconvexum
OTU252,Bacteria,Bacteria,Proteobacteria,Deltaproteobacteria,Desulfobacterales,Desulfobacteraceae,Desulforegula
OTU253,Bacteria,Bacteria,Proteobacteria,Deltaproteobacteria,Desulfobacterales,Desulfobulbaceae,Desulfoprunum
OTU254,Bacteria,Bacteria,Proteobacteria,Deltaproteobacteria,Desulfobacterales,Desulfobulbaceae,Desulforhopalus
OTU255,Bacteria,Bacteria,Proteobacteria,Deltaproteobacteria,Desulfovibrionales,Desulfomicrobiaceae,Desulfomicrobium
OTU256,Bacteria,Bacteria,Proteobacteria,Deltaproteobacteria,Desulfovibrionales,Desulfovibrionaceae,Bilophila
OTU257,Bacteria,Bacteria,Proteobacteria,Deltaproteobacteria,Desulfovibrionales,Desulfovibrionaceae,Desulfovibrio
OTU258,Bacteria,Bacteria,Proteobacteria,Deltaproteobacteria,Desulfuromonadales,Desulfuromonadaceae,Desulfuromonas
OTU259,Bacteria,Bacteria,Proteobacteria,Deltaproteobacteria,Desulfuromonadales,Geobacteraceae,Geobacter
OTU260,Bacteria,Bacteria,Proteobacteria,Deltaproteobacteria,Myxococcales,Nannocystaceae,Nannocystis
OTU261,Bacteria,Bacteria,Proteobacteria,Deltaproteobacteria,Syntrophobacterales,Syntrophaceae,Smithella
OTU262,Bacteria,Bacteria,Proteobacteria,Deltaproteobacteria,Syntrophobacterales,Syntrophaceae,Syntrophus
OTU263,Bacteria,Bacteria,Proteobacteria,Deltaproteobacteria,Syntrophobacterales,Syntrophorhabdaceae,Syntrophorhabdus
OTU264,Bacteria,Bacteria,Proteobacteria,Epsilonproteobacteria,Campylobacterales,Campylobacteraceae,Sulfurospirillum
OTU265,Bacteria,Bacteria,Proteobacteria,Epsilonproteobacteria,Campylobacterales,Helicobacteraceae,Sulfuricurvum
OTU266,Bacteria,Bacteria,Proteobacteria,Epsilonproteobacteria,Campylobacterales,Helicobacteraceae,Sulfurimonas
OTU267,Bacteria,Bacteria,Proteobacteria,Gammaproteobacteria,Aeromonadales,Aeromonadaceae,Aeromonas
OTU268,Bacteria,Bacteria,Proteobacteria,Gammaproteobacteria,Aeromonadales,Aeromonadaceae,Tolumonas
OTU269,Bacteria,Bacteria,Proteobacteria,Gammaproteobacteria,Aeromonadales,Succinivibrionaceae,Succinivibrio
OTU270,Bacteria,Bacteria,Proteobacteria,Gammaproteobacteria,Alteromonadales,Shewanellaceae,Shewanella
OTU271,Bacteria,Bacteria,Proteobacteria,Gammaproteobacteria,Enterobacterales,Enterobacteriaceae,Enterobacter
OTU272,Bacteria,Bacteria,Proteobacteria,Gammaproteobacteria,Enterobacterales,Enterobacteriaceae,Klebsiella
OTU273,Bacteria,Bacteria,Proteobacteria,Gammaproteobacteria,Enterobacterales,Erwiniaceae,Pantoea
OTU274,Bacteria,Bacteria,Proteobacteria,Gammaproteobacteria,Legionellales,Coxiellaceae,Aquicella
OTU275,Bacteria,Bacteria,Proteobacteria,Gammaproteobacteria,Methylococcales,Methylococcaceae,Methylomarinum
OTU276,Bacteria,Bacteria,Proteobacteria,Gammaproteobacteria,Methylococcales,Methylococcaceae,Methyloparacoccus
OTU277,Bacteria,Bacteria,Proteobacteria,Gammaproteobacteria,Nevskiales,Steroidobacteraceae,Steroidobacter
OTU278,Bacteria,Bacteria,Proteobacteria,Gammaproteobacteria,Oceanospirillales,Halomonadaceae,Chromohalobacter
OTU279,Bacteria,Bacteria,Proteobacteria,Gammaproteobacteria,Oceanospirillales,Halomonadaceae,Halomonas
OTU280,Bacteria,Bacteria,Proteobacteria,Gammaproteobacteria,Pasteurellales,Pasteurellaceae,Haemophilus
OTU281,Bacteria,Bacteria,Proteobacteria,Gammaproteobacteria,Pasteurellales,Pasteurellaceae,Testudinibacter
OTU282,Bacteria,Bacteria,Proteobacteria,Gammaproteobacteria,Pseudomonadales,Moraxellaceae,Acinetobacter
OTU283,Bacteria,Bacteria,Proteobacteria,Gammaproteobacteria,Pseudomonadales,Moraxellaceae,Alkanindiges
OTU284,Bacteria,Bacteria,Proteobacteria,Gammaproteobacteria,Pseudomonadales,Moraxellaceae,Moraxella
OTU285,Bacteria,Bacteria,Proteobacteria,Gammaproteobacteria,Pseudomonadales,Moraxellaceae,Psychrobacter
OTU286,Bacteria,Bacteria,Proteobacteria,Gammaproteobacteria,Pseudomonadales,Pseudomonadaceae,Azotobacter
OTU287,Bacteria,Bacteria,Proteobacteria,Gammaproteobacteria,Thiotrichales,Thiotrichaceae,Thiothrix
OTU288,Bacteria,Bacteria,Proteobacteria,Gammaproteobacteria,Xanthomonadales,Xanthomonadaceae,Arenimonas
OTU289,Bacteria,Bacteria,Proteobacteria,Gammaproteobacteria,Xanthomonadales,Xanthomonadaceae,Stenotrophomonas
OTU290,Bacteria,Bacteria,Proteobacteria,Oligoflexia,Bacteriovoracales,Bacteriovoracaceae,Bacteriovorax
OTU291,Bacteria,Bacteria,Spirochaetes,Spirochaetia,Leptospirales,Leptospiraceae,Leptospira
OTU292,Bacteria,Bacteria,Spirochaetes,Spirochaetia,Leptospirales,Leptospiraceae,Turneriella
OTU293,Bacteria,Bacteria,Spirochaetes,Spirochaetia,Spirochaetales,Spirochaetaceae,Treponema
OTU294,Bacteria,Bacteria,Synergistetes,Synergistia,Synergistales,Synergistaceae,Acetomicrobium
OTU295,Bacteria,Bacteria,Synergistetes,Synergistia,Synergistales,Synergistaceae,Aminiphilus
OTU296,Bacteria,Bacteria,Synergistetes,Synergistia,Synergistales,Synergistaceae,Aminomonas
OTU297,Bacteria,Bacteria,Synergistetes,Synergistia,Synergistales,Synergistaceae,Cloacibacillus
OTU298,Bacteria,Bacteria,Synergistetes,Synergistia,Synergistales,Synergistaceae,Lactivibrio
OTU299,Bacteria,Bacteria,Synergistetes,Synergistia,Synergistales,Synergistaceae,Thermovirga
OTU300,Bacteria,Bacteria,Tenericutes,Mollicutes,Acholeplasmatales,Acholeplasmataceae,Acholeplasma
OTU301,Bacteria,Bacteria,Tenericutes,Mollicutes,Anaeroplasmatales,Anaeroplasmataceae,Asteroleplasma
OTU302,Bacteria,Bacteria,Tenericutes,Mollicutes,Entomoplasmatales,Spiroplasmataceae,Spiroplasma
OTU303,Bacteria,Bacteria,Verrucomicrobia,Spartobacteria,,,Terrimicrobium
OTU304,Bacteria,Bacteria,Verrucomicrobia,Verrucomicrobiae,Verrucomicrobiales,Akkermansiaceae,Akkermansia
OTU305,Eukaryota,Eukaryota,,Bigyra,Amphifilida,,Sorodiplophrys
OTU306,Eukaryota,Eukaryota,,Chrysophyceae,Chromulinales,Paraphysomonadaceae,Paraphysomonas
OTU307,Eukaryota,Eukaryota,,Oomycetes,Pythiales,Pythiaceae,Pythium
OTU308,Eukaryota,Eukaryota,Apicomplexa,Conoidasida,Eugregarinorida,Gregarinidae,Gregarina
OTU309,Eukaryota,Eukaryota,Ciliophora,Armophorea,Armophorida,Caenomorphidae,Caenomorpha
OTU310,Eukaryota,Eukaryota,Ciliophora,Oligohymenophorea,Peniculida,Parameciidae,Paramecium
OTU311,Eukaryota,Eukaryota,Ciliophora,Phyllopharyngea,Endogenida,Tokophryidae,Tokophrya
OTU312,Eukaryota,Eukaryota,Ciliophora,Phyllopharyngea,Evaginogenida,Discophryidae,Discophrya
OTU313,Eukaryota,Eukaryota,Euglenozoa,,Kinetoplastida,Bodonidae,Parabodo
OTU314,Eukaryota,Eukaryota,Fornicata,,Diplomonadida,Hexamitidae,Giardia
OTU315,Eukaryota,Eukaryota,Preaxostyla,,,Paratrimastigidae,Paratrimastix
OTU316,Eukaryota,Fungi,Ascomycota,Saccharomycetes,Saccharomycetales,Dipodascaceae,Magnusiomyces
OTU317,Eukaryota,Fungi,Ascomycota,Saccharomycetes,Saccharomycetales,Dipodascaceae,Saprochaete
OTU318,Eukaryota,Fungi,Ascomycota,Saccharomycetes,Saccharomycetales,Saccharomycetaceae,Saccharomyces
OTU319,Eukaryota,Metazoa,Arthropoda,Arachnida,Sarcoptiformes,Sarcoptidae,Sarcoptes
OTU320,Eukaryota,Metazoa,Arthropoda,Insecta,Blattodea,Termopsidae,Zootermopsis
OTU321,Eukaryota,Metazoa,Arthropoda,Insecta,Diptera,Psychodidae,Psychoda
OTU322,Eukaryota,Metazoa,Arthropoda,Ostracoda,Podocopida,Cyprididae,Cypridopsis
OTU323,Eukaryota,Metazoa,Mollusca,Gastropoda,,Planorbidae,Biomphalaria
OTU324,Eukaryota,Metazoa,Nematoda,Chromadorea,Monhysterida,Monhysteridae,Diplolaimelloides
OTU325,Eukaryota,Metazoa,Nematoda,Chromadorea,Rhabditida,Diplogasteridae,Acrostichus_Diplogasteridae
OTU326,Eukaryota,Metazoa,Nematoda,Chromadorea,Rhabditida,Diplogasteridae,Diplogaster
OTU327,Eukaryota,Metazoa,Nematoda,Chromadorea,Rhabditida,Diplogasteridae,Rhabditidoides
OTU328,Eukaryota,Metazoa,Nematoda,Chromadorea,Rhabditida,Neodiplogasteridae,Koerneria
OTU329,Eukaryota,Metazoa,Nematoda,Chromadorea,Rhabditida,Rhabditidae,Caenorhabditis
OTU330,Eukaryota,Metazoa,Nematoda,Chromadorea,Rhabditida,Rhabditidae,Cephaloboides
OTU331,Eukaryota,Metazoa,Nematoda,Chromadorea,Rhabditida,Rhabditidae,Choriorhabditis
OTU332,Eukaryota,Metazoa,Nematoda,Chromadorea,Rhabditida,Rhabditidae,Diploscapter
OTU333,Eukaryota,Metazoa,Nematoda,Chromadorea,Rhabditida,Rhabditidae,Oscheius
OTU334,Eukaryota,Metazoa,Nematoda,Chromadorea,Rhabditida,Rhabditidae,Pellioditis
OTU335,Eukaryota,Metazoa,Nematoda,Chromadorea,Rhabditida,Rhabditidae,Pelodera
OTU336,Eukaryota,Viridiplantae,Streptophyta,Magnoliopsida,Caryophyllales,Caryophyllaceae,Colobanthus
OTU337,Eukaryota,Viridiplantae,Streptophyta,Magnoliopsida,Fabales,Fabaceae,Medicago
OTU338,Eukaryota,Viridiplantae,Streptophyta,Magnoliopsida,Solanales,Solanaceae,Nicotiana
OTU339,Eukaryota,Viridiplantae,Streptophyta,Pinopsida,Araucariales,Araucariaceae,Araucaria
OTU340,Archaea,Archaea,Euryarchaeota,Methanomicrobia,Methanosarcinales,Methanosaetaceae,Methanothrix
OTU341,Archaea,Archaea,Euryarchaeota,Thermoplasmata,Methanomassiliicoccales,Methanomassiliicoccaceae,Methanomassiliicoccus
OTU342,Bacteria,Bacteria,Chloroflexi,Anaerolineae,Anaerolineales,Anaerolineaceae,Pelolinea
OTU343,Bacteria,Bacteria,Firmicutes,Clostridia,Clostridiales,Syntrophomonadaceae,Syntrophomonas
OTU344,Bacteria,Bacteria,Ignavibacteriae,Ignavibacteria,Ignavibacteriales,Ignavibacteriaceae,Ignavibacterium
OTU345,Bacteria,Bacteria,Proteobacteria,Betaproteobacteria,Rhodocyclales,Azonexaceae,Azonexus
OTU346,Bacteria,Bacteria,Proteobacteria,Deltaproteobacteria,Syntrophobacterales,Syntrophobacteraceae,Syntrophobacter
OTU347,Bacteria,Bacteria,Proteobacteria,Gammaproteobacteria,Methylococcales,Methylococcaceae,Methylomonas
OTU348,Bacteria,Bacteria,Spirochaetes,Spirochaetia,,Leptospiraceae,Leptonema
OTU349,Bacteria,Bacteria,Thermotogae,Thermotogae,Kosmotogales,Kosmotogaceae,Mesotoga
OTU350,Eukaryota,Eukaryota,,,Trichomonadida,,Pseudotrichomonas
OTU351,Archaea,Archaea,Euryarchaeota,Methanomicrobia,Methanosarcinales,Methanosarcinaceae,Methanosarcina
OTU352,Bacteria,Bacteria,Acidobacteria,Solibacteres,Solibacterales,Bryobacteraceae,Bryobacter
OTU353,Bacteria,Bacteria,Bacteroidetes,Bacteroidia,Bacteroidales,Dysgonamonadaceae,Proteiniphilum
OTU354,Bacteria,Bacteria,Bacteroidetes,Bacteroidia,Bacteroidales,Porphyromonadaceae,Petrimonas
OTU355,Bacteria,Bacteria,Bacteroidetes,Flavobacteriia,Flavobacteriales,Flavobacteriaceae,Imtechella
OTU356,Bacteria,Bacteria,Chlamydiae,Chlamydiia,Parachlamydiales,Parachlamydiaceae,Neochlamydia
OTU357,Bacteria,Bacteria,Firmicutes,Clostridia,Clostridiales,Peptococcaceae,Dehalobacterium
OTU358,Bacteria,Bacteria,Firmicutes,Clostridia,Clostridiales,Ruminococcaceae,Pseudobacteroides
OTU359,Bacteria,Bacteria,Firmicutes,Clostridia,Thermoanaerobacterales,Thermoanaerobacteraceae,Gelria
OTU360,Bacteria,Bacteria,Proteobacteria,Gammaproteobacteria,Xanthomonadales,Rhodanobacteraceae,Tahibacter
OTU361,Bacteria,Bacteria,Spirochaetes,Spirochaetia,Brevinematales,Brevinemataceae,Brevinema
OTU362,Bacteria,Bacteria,Spirochaetes,Spirochaetia,Spirochaetales,,Exilispira
OTU363,Bacteria,Bacteria,Thermotogae,Thermotogae,Thermotogales,Fervidobacteriaceae,Fervidobacterium
OTU364,Bacteria,Bacteria,Firmicutes,,,,Hydrogenispora
OTU365,Bacteria,Bacteria,Firmicutes,Clostridia,Clostridiales,Ruminococcaceae,Papillibacter
OTU366,Bacteria,Bacteria,Firmicutes,Clostridia,Clostridiales,Ruminococcaceae,Ruminiclostridium
OTU367,Bacteria,Bacteria,Firmicutes,Clostridia,Clostridiales,Syntrophomonadaceae,Syntrophothermus
OTU368,Bacteria,Bacteria,Firmicutes,Negativicutes,Selenomonadales,Sporomusaceae,Acetonema
OTU369,Bacteria,Bacteria,Proteobacteria,Alphaproteobacteria,Rhizobiales,Hyphomicrobiaceae,Prosthecomicrobium
OTU370,Bacteria,Bacteria,Spirochaetes,Spirochaetia,Spirochaetales,Spirochaetaceae,Spirochaeta
OTU371,Bacteria,Bacteria,Synergistetes,Synergistia,Synergistales,Synergistaceae,Thermanaerovibrio
OTU372,Archaea,Archaea,Euryarchaeota,Methanomicrobia,Methanomicrobiales,Methanomicrobiaceae,Methanoculleus
OTU373,Bacteria,Bacteria,Bacteroidetes,Chitinophagia,Chitinophagales,Chitinophagaceae,Taibaiella
OTU374,Bacteria,Bacteria,Bacteroidetes,Cytophagia,Cytophagales,Cytophagaceae,Runella
OTU375,Bacteria,Bacteria,Firmicutes,Clostridia,Clostridiales,Caldicoprobacteraceae,Caldicoprobacter
OTU376,Bacteria,Bacteria,Firmicutes,Clostridia,Clostridiales,Lachnospiraceae,Shuttleworthia
OTU377,Bacteria,Bacteria,Firmicutes,Clostridia,Clostridiales,Peptococcaceae,Pelotomaculum
OTU378,Bacteria,Bacteria,Firmicutes,Clostridia,Thermoanaerobacterales,Thermodesulfobiaceae,Coprothermobacter_Thermodesulfobiaceae
OTU379,Bacteria,Bacteria,Nitrospirae,Nitrospira,Nitrospirales,Nitrospiraceae,Thermodesulfovibrio
OTU380,Bacteria,Bacteria,Planctomycetes,Planctomycetia,Planctomycetales,Planctomycetaceae,Thermogutta
OTU381,Bacteria,Bacteria,Thermotogae,Thermotogae,Petrotogales,,Defluviitoga
OTU382,Archaea,Archaea,Euryarchaeota,Methanomicrobia,Methanomicrobiales,Methanoregulaceae,Methanolinea
OTU383,Bacteria,Bacteria,Firmicutes,Clostridia,Clostridiales,Gracilibacteraceae,Gracilibacter
OTU384,Bacteria,Bacteria,Firmicutes,Clostridia,Clostridiales,Ruminococcaceae,Acetivibrio
OTU385,Bacteria,Bacteria,Proteobacteria,Gammaproteobacteria,Xanthomonadales,Rhodanobacteraceae,Rhodanobacter
OTU386,Bacteria,Bacteria,Bacteroidetes,Bacteroidia,Bacteroidales,Rikenellaceae,Ruminofilibacter
OTU387,Bacteria,Bacteria,Firmicutes,Clostridia,Clostridiales,,Proteiniborus
OTU388,Bacteria,Bacteria,Firmicutes,Clostridia,Clostridiales,Clostridiaceae,Lutispora
OTU389,Bacteria,Bacteria,Firmicutes,Clostridia,Clostridiales,Defluviitaleaceae,Defluviitalea
OTU390,Bacteria,Bacteria,Proteobacteria,Alphaproteobacteria,Rhizobiales,Chelatococcaceae,Chelatococcus
OTU391,Eukaryota,Metazoa,Nematoda,Chromadorea,Rhabditida,Diplogastridae,Acrostichus_Diplogastridae
OTU392,Bacteria,Bacteria,Bacteroidetes,Chitinophagia,Chitinophagales,Chitinophagaceae,Sediminibacterium
OTU393,Bacteria,Bacteria,Proteobacteria,Gammaproteobacteria,Xanthomonadales,Rhodanobacteraceae,Aquimonas
OTU394,Eukaryota,Eukaryota,,,Trichomonadida,Trichomonadidae,Tetratrichomonas
OTU395,Bacteria,Bacteria,Firmicutes,Clostridia,Clostridiales,Ruminococcaceae,Saccharofermentans_Ruminococcaceae
OTU396,Bacteria,Bacteria,Planctomycetes,Planctomycetia,Planctomycetales,Planctomycetaceae,Pirellula_Planctomycetaceae
OTU397,Bacteria,Bacteria,Planctomycetes,Planctomycetia,Planctomycetales,Planctomycetaceae,Rhodopirellula_Planctomycetaceae
OTU398,Bacteria,Bacteria,Planctomycetes,Planctomycetia,Planctomycetales,Planctomycetaceae,Rubinisphaera
OTU399,Bacteria,Bacteria,Proteobacteria,Alphaproteobacteria,Parvularculales,Parvularculaceae,Amphiplicatus
OTU400,Bacteria,Bacteria,Proteobacteria,Alphaproteobacteria,Rhizobiales,,Bauldia
OTU401,Bacteria,Bacteria,Proteobacteria,Alphaproteobacteria,Rhizobiales,Hyphomicrobiaceae,Cucumibacter
OTU402,Bacteria,Bacteria,Spirochaetes,Spirochaetia,Spirochaetales,Spirochaetaceae,Sediminispirochaeta
OTU403,Bacteria,Bacteria,Verrucomicrobia,Opitutae,Puniceicoccales,Puniceicoccaceae,Puniceicoccus
OTU404,Eukaryota,Metazoa,Nematoda,Chromadorea,Monhysterida,Monhysteridae,Diplolaimella
OTU405,Bacteria,Bacteria,Bacteroidetes,Cytophagia,Cytophagales,Cytophagaceae,Emticicia
OTU406,Bacteria,Bacteria,Bacteroidetes,Saprospiria,Saprospirales,Haliscomenobacteraceae,Haliscomenobacter
OTU407,Bacteria,Bacteria,Proteobacteria,Alphaproteobacteria,Rhodospirillales,Acetobacteraceae,Stella
OTU408,Bacteria,Bacteria,Proteobacteria,Deltaproteobacteria,Myxococcales,Nannocystaceae,Plesiocystis
OTU409,Bacteria,Bacteria,Proteobacteria,Gammaproteobacteria,Cellvibrionales,Cellvibrionaceae,Cellvibrio
OTU410,Bacteria,Bacteria,Actinobacteria,Actinobacteria,Nakamurellales,Nakamurellaceae,Nakamurella
OTU411,Bacteria,Bacteria,Chloroflexi,Anaerolineae,Anaerolineales,Anaerolineaceae,Bellilinea
OTU412,Bacteria,Bacteria,Dictyoglomi,Dictyoglomia,Dictyoglomales,Dictyoglomaceae,Dictyoglomus
OTU413,Bacteria,Bacteria,Firmicutes,Clostridia,Clostridiales,Peptococcaceae,Thermincola
OTU414,Bacteria,Bacteria,Firmicutes,Tissierellia,Tissierellales,Tissierellaceae,Soehngenia
OTU415,Bacteria,Bacteria,Proteobacteria,Gammaproteobacteria,Chromatiales,Halothiobacillaceae,Thiofaba
OTU416,Bacteria,Bacteria,Thermotogae,Thermotogae,Thermotogales,Thermotogaceae,Pseudothermotoga
OTU417,Bacteria,Bacteria,Thermotogae,Thermotogae,Thermotogales,Thermotogaceae,Thermotoga
OTU418,Bacteria,Bacteria,Actinobacteria,Actinobacteria,Corynebacteriales,Nocardiaceae,Rhodococcus
OTU419,Bacteria,Bacteria,Bacteroidetes,Cytophagia,Cytophagales,,Chryseolinea
OTU420,Bacteria,Bacteria,Bacteroidetes,Cytophagia,Cytophagales,Cytophagaceae,Marinoscillum
OTU421,Bacteria,Bacteria,Deinococcus-Thermus,Deinococci,Deinococcales,Trueperaceae,Truepera
OTU422,Bacteria,Bacteria,Firmicutes,Bacilli,Lactobacillales,Carnobacteriaceae,Jeotgalibaca
OTU423,Bacteria,Bacteria,Firmicutes,Clostridia,Clostridiales,Lachnospiraceae,Herbinix
OTU424,Bacteria,Bacteria,Firmicutes,Clostridia,Clostridiales,Ruminococcaceae,Fastidiosipila_Ruminococcaceae
OTU425,Bacteria,Bacteria,Proteobacteria,Gammaproteobacteria,Xanthomonadales,Xanthomonadaceae,Luteimonas
OTU426,Bacteria,Bacteria,Synergistetes,Synergistia,Synergistales,Synergistaceae,Aminivibrio
OTU427,Bacteria,Bacteria,Actinobacteria,Actinobacteria,Propionibacteriales,Nocardioidaceae,Marmoricola
OTU428,Bacteria,Bacteria,Firmicutes,Clostridia,Clostridiales,Peptostreptococcaceae,Peptostreptococcus
OTU429,Bacteria,Bacteria,Proteobacteria,Betaproteobacteria,Burkholderiales,Alcaligenaceae,Paenalcaligenes
OTU430,Bacteria,Bacteria,Proteobacteria,Betaproteobacteria,Rhodocyclales,Azonexaceae,Ferribacterium
OTU431,Bacteria,Bacteria,Proteobacteria,Gammaproteobacteria,Legionellales,Legionellaceae,Legionella
OTU432,Eukaryota,Fungi,Ascomycota,Saccharomycetes,Saccharomycetales,,Diutina
OTU433,Eukaryota,Metazoa,Rotifera,Bdelloidea,Adinetida,Adinetidae,Adineta
OTU434,Eukaryota,Metazoa,Rotifera,Bdelloidea,Philodinida,Philodinidae,Philodina
OTU435,Bacteria,Bacteria,Acidobacteria,Blastocatellia,,,Stenotrophobacter
OTU436,Bacteria,Bacteria,Actinobacteria,Acidimicrobiia,Acidimicrobiales,Acidimicrobiaceae,Ilumatobacter
OTU437,Bacteria,Bacteria,Planctomycetes,Planctomycetia,Planctomycetales,Gemmataceae,Fimbriiglobus
OTU438,Bacteria,Bacteria,Proteobacteria,Betaproteobacteria,Nitrosomonadales,Nitrosomonadaceae,Nitrosomonas
OTU439,Eukaryota,Eukaryota,,,,Vannellidae,Vannella
OTU440,Eukaryota,Eukaryota,,,Kinetoplastida,Bodonidae,Bodo
OTU441,Eukaryota,Eukaryota,,Oligohymenophorea,Sessilida,Vorticellidae,Pseudovorticella
OTU442,Eukaryota,Eukaryota,Euglenida,,Sphenomonadales,Sphenomonadidae,Petalomonas_Sphenomonadidae
OTU443,Bacteria,Bacteria,Bacteroidetes,Saprospiria,Saprospirales,Lewinellaceae,Lewinella
OTU444,Bacteria,Bacteria,Proteobacteria,Betaproteobacteria,Nitrosomonadales,Thiobacillaceae,Thiobacillus
OTU445,Bacteria,Bacteria,Proteobacteria,Deltaproteobacteria,Myxococcales,Vulgatibacteraceae,Vulgatibacter
OTU446,Bacteria,Bacteria,Proteobacteria,Gammaproteobacteria,,Competibacteraceae,Plasticicumulans
OTU447,Bacteria,Bacteria,Proteobacteria,Alphaproteobacteria,Sphingomonadales,Sphingomonadaceae,Sphingopyxis
OTU448,Bacteria,Bacteria,Bacteroidetes,Chitinophagia,Chitinophagales,Chitinophagaceae,Chitinophaga
OTU449,Bacteria,Bacteria,Bacteroidetes,Cytophagia,Cytophagales,Cytophagaceae,Leadbetterella
OTU450,Bacteria,Bacteria,Firmicutes,Clostridia,Clostridiales,Eubacteriaceae,Anaerofustis
OTU451,Bacteria,Bacteria,Proteobacteria,Betaproteobacteria,Burkholderiales,Burkholderiaceae,Pandoraea
OTU452,Bacteria,Bacteria,Tenericutes,Mollicutes,Mycoplasmatales,Mycoplasmataceae,Mycoplasma
OTU453,Eukaryota,Eukaryota,,,,Jakobidae,Jakoba
OTU454,Eukaryota,Eukaryota,,,Cercomonadida,Heteromitidae,Heteromita
OTU455,Eukaryota,Eukaryota,,,Glissomonadida,,Sandona
OTU456,Eukaryota,Eukaryota,,,Glissomonadida,Sandonidae,Bodomorpha
OTU457,Eukaryota,Eukaryota,,Heterolobosea,Schizopyrenida,Vahlkampfiidae,Allovahlkampfia
OTU458,Eukaryota,Eukaryota,,Heterolobosea,Schizopyrenida,Vahlkampfiidae,Vahlkampfia
OTU459,Eukaryota,Eukaryota,,Oomycetes,Peronosporales,Peronosporaceae,Plasmopara
OTU460,Archaea,Archaea,Euryarchaeota,Methanomicrobia,Methanosarcinales,Methanosarcinaceae,Methanomethylovorans
OTU461,Bacteria,Bacteria,Acidobacteria,Blastocatellia,,,Blastocatella
OTU462,Bacteria,Bacteria,Acidobacteria,Solibacteres,Solibacterales,Bryobacteraceae,Paludibaculum
OTU463,Bacteria,Bacteria,Actinobacteria,Actinobacteria,Corynebacteriales,Dietziaceae,Dietzia
OTU464,Bacteria,Bacteria,Actinobacteria,Actinobacteria,Micrococcales,Intrasporangiaceae,Phycicoccus
OTU465,Bacteria,Bacteria,Actinobacteria,Actinobacteria,Propionibacteriales,Nocardioidaceae,Nocardioides
OTU466,Bacteria,Bacteria,Actinobacteria,Actinobacteria,Pseudonocardiales,Pseudonocardiaceae,Pseudonocardia
OTU467,Bacteria,Bacteria,Actinobacteria,Thermoleophilia,Solirubrobacterales,Conexibacteraceae,Conexibacter
OTU468,Bacteria,Bacteria,Bacteroidetes,Bacteroidia,Bacteroidales,Odoribacteraceae,Butyricimonas
OTU469,Bacteria,Bacteria,Bacteroidetes,Chitinophagia,Chitinophagales,Chitinophagaceae,Lacibacter
OTU470,Bacteria,Bacteria,Bacteroidetes,Cytophagia,Cytophagales,Cyclobacteriaceae,Mariniradius
OTU471,Bacteria,Bacteria,Bacteroidetes,Cytophagia,Cytophagales,Cytophagaceae,Persicitalea
OTU472,Bacteria,Bacteria,Bacteroidetes,Flavobacteriia,Flavobacteriales,Crocinitomicaceae,Fluviicola
OTU473,Bacteria,Bacteria,Bacteroidetes,Saprospiria,Saprospirales,Haliscomenobacteraceae,Phaeodactylibacter
OTU474,Bacteria,Bacteria,Chloroflexi,Anaerolineae,Anaerolineales,Anaerolineaceae,Anaerolinea
OTU475,Bacteria,Bacteria,Chloroflexi,Caldilineae,Caldilineales,Caldilineaceae,Litorilinea
OTU476,Bacteria,Bacteria,Chloroflexi,Thermomicrobia,Sphaerobacterales,Sphaerobacteraceae,Sphaerobacter
OTU477,Bacteria,Bacteria,Firmicutes,Clostridia,Clostridiales,,Intestinimonas
OTU478,Bacteria,Bacteria,Firmicutes,Clostridia,Clostridiales,Clostridiales_Family_XII._Incertae_Sedis,Acidaminobacter
OTU479,Bacteria,Bacteria,Gemmatimonadetes,Gemmatimonadetes,Gemmatimonadales,Gemmatimonadaceae,Gemmatimonas
OTU480,Bacteria,Bacteria,Planctomycetes,Phycisphaerae,Tepidisphaerales,Tepidisphaeraceae,Tepidisphaera
OTU481,Bacteria,Bacteria,Planctomycetes,Planctomycetia,Planctomycetales,Gemmataceae,Gemmata
OTU482,Bacteria,Bacteria,Planctomycetes,Planctomycetia,Planctomycetales,Planctomycetaceae,Blastopirellula
OTU483,Bacteria,Bacteria,Planctomycetes,Planctomycetia,Planctomycetales,Planctomycetaceae,Planctomicrobium
OTU484,Bacteria,Bacteria,Planctomycetes,Planctomycetia,Planctomycetales,Planctomycetaceae,Schlesneria
OTU485,Bacteria,Bacteria,Proteobacteria,Alphaproteobacteria,Rhizobiales,Beijerinckiaceae,Pseudochelatococcus
OTU486,Bacteria,Bacteria,Proteobacteria,Alphaproteobacteria,Rhizobiales,Bradyrhizobiaceae,Bradyrhizobium
OTU487,Bacteria,Bacteria,Proteobacteria,Alphaproteobacteria,Rhizobiales,Hyphomicrobiaceae,Pedomicrobium
OTU488,Bacteria,Bacteria,Proteobacteria,Alphaproteobacteria,Rhizobiales,Methylocystaceae,Methylocystis
OTU489,Bacteria,Bacteria,Proteobacteria,Alphaproteobacteria,Rhizobiales,Xanthobacteraceae,Labrys
OTU490,Bacteria,Bacteria,Proteobacteria,Alphaproteobacteria,Rhodobacterales,Hyphomonadaceae,Hyphomonas
OTU491,Bacteria,Bacteria,Proteobacteria,Alphaproteobacteria,Rhodobacterales,Rhodobacteraceae,Amaricoccus
OTU492,Bacteria,Bacteria,Proteobacteria,Alphaproteobacteria,Rhodobacterales,Rhodobacteraceae,Labrenzia
OTU493,Bacteria,Bacteria,Proteobacteria,Alphaproteobacteria,Rhodospirillales,Rhodospirillaceae,Constrictibacter
OTU494,Bacteria,Bacteria,Proteobacteria,Alphaproteobacteria,Sphingomonadales,Sphingomonadaceae,Sphingoaurantiacus
OTU495,Bacteria,Bacteria,Proteobacteria,Betaproteobacteria,,,Chitinivorax
OTU496,Bacteria,Bacteria,Proteobacteria,Betaproteobacteria,Burkholderiales,,Rivibacter
OTU497,Bacteria,Bacteria,Proteobacteria,Betaproteobacteria,Burkholderiales,Burkholderiaceae,Cupriavidus
OTU498,Bacteria,Bacteria,Proteobacteria,Betaproteobacteria,Burkholderiales,Comamonadaceae,Extensimonas
OTU499,Bacteria,Bacteria,Proteobacteria,Betaproteobacteria,Nitrosomonadales,Sterolibacteriaceae,Methyloversatilis
OTU500,Bacteria,Bacteria,Proteobacteria,Betaproteobacteria,Rhodocyclales,Rhodocyclaceae,Azospira
OTU501,Bacteria,Bacteria,Proteobacteria,Deltaproteobacteria,Myxococcales,Polyangiaceae,Sorangium
OTU502,Bacteria,Bacteria,Proteobacteria,Gammaproteobacteria,Immundisolibacterales,Immundisolibacteraceae,Immundisolibacter
OTU503,Bacteria,Bacteria,Proteobacteria,Gammaproteobacteria,Methylococcales,Methylococcaceae,Methylomagnum
OTU504,Bacteria,Bacteria,Proteobacteria,Gammaproteobacteria,Oceanospirillales,Hahellaceae,Hahella
OTU505,Bacteria,Bacteria,Proteobacteria,Gammaproteobacteria,Xanthomonadales,Rhodanobacteraceae,Pseudofulvimonas
OTU506,Bacteria,Bacteria,Verrucomicrobia,Verrucomicrobiae,Verrucomicrobiales,Verrucomicrobiaceae,Brevifollis
OTU507,Bacteria,Bacteria,Verrucomicrobia,Verrucomicrobiae,Verrucomicrobiales,Verrucomicrobiaceae,Roseimicrobium
OTU508,Eukaryota,Eukaryota,,,Bicosoecida,Bicosoecidae,Bicosoeca
OTU509,Eukaryota,Eukaryota,,Oligohymenophorea,Sessilida,Epistylidae,Epistylis
OTU510,Eukaryota,Eukaryota,,Oligohymenophorea,Sessilida,Vaginicolidae,Vaginicola
OTU511,Eukaryota,Eukaryota,,Phyllopharyngea,Dysteriida,Dysteriidae,Dysteria
OTU512,Eukaryota,Eukaryota,,Spirotrichea,Euplotida,Aspidiscidae,Aspidisca
OTU513,Bacteria,Bacteria,Actinobacteria,Actinobacteria,Micrococcales,Micrococcaceae,Arthrobacter
OTU514,Bacteria,Bacteria,Actinobacteria,Actinobacteria,Propionibacteriales,Nocardioidaceae,Micropruina
OTU515,Bacteria,Bacteria,Actinobacteria,Actinobacteria,Propionibacteriales,Propionibacteriaceae,Brooklawnia
OTU516,Bacteria,Bacteria,Bacteroidetes,Cytophagia,Cytophagales,Cytophagaceae,Cytophaga
OTU517,Bacteria,Bacteria,Chloroflexi,,,,Kouleothrix
OTU518,Bacteria,Bacteria,Chloroflexi,Caldilineae,Caldilineales,Caldilineaceae,Caldilinea
OTU519,Bacteria,Bacteria,Firmicutes,Clostridia,Clostridiales,Clostridiaceae,Butyricicoccus
OTU520,Bacteria,Bacteria,Firmicutes,Clostridia,Clostridiales,Lachnospiraceae,Acetitomaculum
OTU521,Bacteria,Bacteria,Firmicutes,Clostridia,Clostridiales,Lachnospiraceae,Moryella
OTU522,Bacteria,Bacteria,Firmicutes,Erysipelotrichia,Erysipelotrichales,Erysipelotrichaceae,Faecalitalea
OTU523,Bacteria,Bacteria,Planctomycetes,Planctomycetia,Planctomycetales,Isosphaeraceae,Singulisphaera
OTU524,Bacteria,Bacteria,Proteobacteria,Alphaproteobacteria,Rhizobiales,Hyphomicrobiaceae,Filomicrobium
OTU525,Bacteria,Bacteria,Proteobacteria,Alphaproteobacteria,Rhizobiales,Hyphomicrobiaceae,Rhodoplanes
OTU526,Bacteria,Bacteria,Proteobacteria,Alphaproteobacteria,Rhodobacterales,Rhodobacteraceae,Cereibacter
OTU527,Bacteria,Bacteria,Proteobacteria,Alphaproteobacteria,Rhodobacterales,Rhodobacteraceae,Tabrizicola
OTU528,Bacteria,Bacteria,Proteobacteria,Alphaproteobacteria,Rhodospirillales,Rhodospirillaceae,Dongia
OTU529,Bacteria,Bacteria,Proteobacteria,Alphaproteobacteria,Sphingomonadales,Sphingomonadaceae,Polymorphobacter
OTU530,Bacteria,Bacteria,Proteobacteria,Alphaproteobacteria,Sphingomonadales,Sphingomonadaceae,Sandarakinorhabdus
OTU531,Bacteria,Bacteria,Proteobacteria,Alphaproteobacteria,Sphingomonadales,Sphingomonadaceae,Sphingobium
OTU532,Bacteria,Bacteria,Proteobacteria,Betaproteobacteria,Burkholderiales,,Leptothrix
OTU533,Bacteria,Bacteria,Proteobacteria,Betaproteobacteria,Burkholderiales,Comamonadaceae,Caenimonas
OTU534,Bacteria,Bacteria,Proteobacteria,Betaproteobacteria,Burkholderiales,Comamonadaceae,Macromonas
OTU535,Bacteria,Bacteria,Proteobacteria,Betaproteobacteria,Burkholderiales,Comamonadaceae,Pelomonas
OTU536,Bacteria,Bacteria,Proteobacteria,Betaproteobacteria,Neisseriales,Chromobacteriaceae,Formivibrio
OTU537,Bacteria,Bacteria,Proteobacteria,Betaproteobacteria,Neisseriales,Chromobacteriaceae,Vogesella
OTU538,Bacteria,Bacteria,Proteobacteria,Betaproteobacteria,Nitrosomonadales,Sterolibacteriaceae,Georgfuchsia
OTU539,Bacteria,Bacteria,Proteobacteria,Betaproteobacteria,Nitrosomonadales,Sterolibacteriaceae,Sterolibacterium
OTU540,Bacteria,Bacteria,Proteobacteria,Deltaproteobacteria,Myxococcales,Anaeromyxobacteraceae,Anaeromyxobacter
OTU541,Bacteria,Bacteria,Proteobacteria,Deltaproteobacteria,Myxococcales,Labilitrichaceae,Labilithrix
OTU542,Bacteria,Bacteria,Proteobacteria,Gammaproteobacteria,Chromatiales,Chromatiaceae,Lamprocystis
OTU543,Bacteria,Bacteria,Proteobacteria,Gammaproteobacteria,Pseudomonadales,Moraxellaceae,Fluviicoccus
OTU544,Bacteria,Bacteria,Proteobacteria,Gammaproteobacteria,Pseudomonadales,Moraxellaceae,Perlucidibaca
OTU545,Bacteria,Bacteria,Verrucomicrobia,Opitutae,Opitutales,Opitutaceae,Cephaloticoccus
OTU546,Bacteria,Bacteria,Verrucomicrobia,Opitutae,Opitutales,Opitutaceae,Opitutus
OTU547,Eukaryota,Eukaryota,,,,,Copromyxa
OTU548,Eukaryota,Eukaryota,,,Kinetoplastida,Bodonidae,Procryptobia
OTU549,Eukaryota,Eukaryota,,Ichthyosporea,Ichthyophonida,,Anurofeca
OTU550,Eukaryota,Eukaryota,,Litostomatea,Pleurostomatida,Amphileptidae,Hemiophrys
OTU551,Eukaryota,Eukaryota,,Oligohymenophorea,Sessilida,Operculariidae,Opercularia
OTU552,Eukaryota,Eukaryota,,Oligohymenophorea,Sessilida,Opisthonectidae,Opisthonecta
OTU553,Eukaryota,Eukaryota,,Oligohymenophorea,Sessilida,Vorticellidae,Epicarchesium
OTU554,Eukaryota,Eukaryota,,Oligohymenophorea,Sessilida,Vorticellidae,Vorticella
OTU555,Eukaryota,Eukaryota,,Phyllopharyngea,Chlamydodontida,Chilodonellidae,Phascolodon
OTU556,Eukaryota,Eukaryota,,Phyllopharyngea,Chlamydodontida,Chilodonellidae,Pseudochilodonopsis
OTU557,Eukaryota,Eukaryota,,Phyllopharyngea,Dysteriida,Dysteriidae,Trochilia
OTU558,Eukaryota,Eukaryota,,Phyllopharyngea,Endogenida,Acinetidae,Acineta
OTU559,Eukaryota,Fungi,Ascomycota,Saccharomycetes,Saccharomycetales,Dipodascaceae,Geotrichum
OTU560,Eukaryota,Metazoa,Annelida,Clitellata,Haplotaxida,Enchytraeidae,Enchytraeus
